,Topic_Num,Topic_Perc_Contrib,Keywords,Text
0,0,0.96785355,"word, language, learning, learn, thing, help, one, reading, day, time","In addition, looking up the word and using it immediately in a sentence will help you to commit the word to memory."
1,1,0.9571377,"language, thing, watch, show, movie, reading, phrase, trying, like, Possibly","If you are up for a challenge, memorize all the numbers up to one hundred in one day."
2,2,0.93075997,"word, language, learning, learn, help, important, thing, phrase, reading, conversation","Therefore, it's important that when you learn a word, you learn the pronunciation simultaneously."
3,3,0.97499746,"language, learning, learn, phrase, important, word, thing, reading, understand, sentence","If you can visit and spend some time in a country where your new language is spoken, youâ€™ll get to connect with native speakers."
4,4,0.9735267,"word, learning, language, learn, help, reading, new, phrase, grammar, time","You might find yourself in situations where you donâ€™t quite know the right word, or you donâ€™t understand 100% of what the other personâ€™s saying."
5,5,0.9689623,"language, word, learning, learn, help, time, new, reading, phrase, day",Most language learning apps offer both a free version and a pro/premium version with more access to additional lessons and features.
6,6,0.9727244,"learn, language, learning, word, thing, phrase, reading, day, important, memorize",When you're learning a new language youâ€™ll get further if youâ€™re okay with making mistakes and learning from them.
7,7,0.9718721,"word, language, thing, learn, learning, phrase, help, watch, reading, trying","If you want to learn a new language ''quickly'' (that is, in the space of a few weeks or months), you're going to have to commit to studying the language for a couple of hours ''per day''."
8,8,0.9756732,"language, word, learning, phrase, learn, reading, help, time, sentence, important",Learning a language within the context of culture and everyday life can boost your motivation and offer hands-on learning experiences.
9,9,0.96666306,"word, language, learning, learn, help, reading, phrase, thing, important, pronunciation",This is especially important when you are having a conversation with a native speaker and don't wish to disrupt the flow of conversation by not being able to remember a word.
